{
  "revenue_2023": 28269428000.0,
  "net_income_2023": 64282451000.0,
  "gross_profit_2023": 90228459364.0,
  "revenue_2022": 25816939215.0,
  "net_income_2022": 38161447128.0,
  "revenue_2021": 23828243064.0,
  "revenue_2020": 21341692570.0,
  "revenue_2024_q2": 12339283000.0,
  "net_income_2024_q2": 17218011000.0,
  "revenue_2024_q3": 7497908000.0,
  "revenue_2024_q4": 13824992000.0,
  "avg_stock_2023": 376.932723577236,
  "max_stock_2023": 448.75,
  "min_stock_2023": 301.8,
  "volume_2023": 827556069,
  "avg_stock_2022": 361.59254032258076,
  "avg_stock_2020": 314.63185483871,
  "max_stock_2020": 368.55,
  "min_stock_2020": 241.15,
  "stock_jan2_2024": 381.3,
  "stock_jun28_2024": 410.2,
  "growth_2023_2022": 9.499533482943129,
  "worst_quarter_2024": "(3, 7497908000.0)",
  "gross_margin_2023": 2.4042912759746775,
  "operating_margin_2024": 0.8535970658506876,
  "weekly_avg_by_quarter_2024": [
    [
      1,
      12,
      860619030.3333334
    ],
    [
      2,
      12,
      1028273583.3333334
    ],
    [
      3,
      12,
      624825666.6666666
    ],
    [
      4,
      12,
      1152082666.6666667
    ]
  ],
  "revenue_2025": 985334394000.0,
  "stock_2025_samples": [
    377.65,
    383.15,
    382.5,
    380.2,
    384.8
  ],
  "best_revenue_year": "(2025, 985334394000.0)",
  "revenue_2019": 15526172934.0,
  "avg_stock_2019": 233.54303278688525,
  "avg_daily_return_2024": -0.001469387755102037,
  "volatility_days_2024": 0
}