{
  "revenue_2024_total": 43989611364.0,
  "revenue_2024_quarterly": [
    [
      1,
      10327428364.0
    ],
    [
      2,
      12339283000.0
    ],
    [
      3,
      7497908000.0
    ],
    [
      4,
      13824992000.0
    ]
  ],
  "revenue_2023_total": 28269428000.0,
  "net_income_2024": 86087249000.0,
  "net_income_2023": 64282451000.0,
  "gross_profit_2024": 111444334000.0,
  "avg_gross_margin_2024": 1.541227331593464,
  "avg_net_margin_2024": 1.3330762000277672,
  "avg_stock_price_2024": 380.32714285714263,
  "max_stock_price_2024": 426.4,
  "min_stock_price_2024": 323.5,
  "total_volume_2024": 920558313,
  "revenue_2024_q1": 10327428364.0,
  "revenue_yoy_growth": 55.60842392707769,
  "available_years_financials": [
    2012,
    2013,
    2014,
    2015,
    2016,
    2017,
    2018,
    2019,
    2020,
    2021,
    2022,
    2023,
    2024,
    2025
  ],
  "available_years_stock": [
    2012,
    2013,
    2014,
    2015,
    2016,
    2017,
    2018,
    2019,
    2020,
    2021,
    2022,
    2023,
    2024,
    2025
  ],
  "best_quarter_2024": "(2024, 4, 13824992000.0)",
  "operating_expenses_2024": -91107415000.0,
  "monthly_avg_price_2024": [
    [
      1,
      375.96956521739133
    ],
    [
      2,
      337.7700000000001
    ],
    [
      3,
      358.7868421052632
    ],
    [
      4,
      386.4210526315789
    ],
    [
      5,
      387.42272727272734
    ],
    [
      6,
      417.2947368421052
    ],
    [
      7,
      401.38913043478266
    ],
    [
      8,
      364.3225
    ],
    [
      9,
      382.8236842105263
    ],
    [
      10,
      403.84250000000003
    ],
    [
      11,
      377.255
    ],
    [
      12,
      369.1714285714285
    ]
  ]
}